chip,dtype,profile,n,d,g,o,maxiter,repeat,fit_s,per_admm_iter_s,nll,max_kkt,status
NVIDIA GeForce RTX 2080 Ti,float64,rbf,16.0,6.0,13.0,78.0,10.0,0.0,19.479,1.9479,-4090.292023575516,1779.254605912102,ok
NVIDIA GeForce RTX 2080 Ti,float64,rbf,16.0,6.0,13.0,78.0,10.0,1.0,2.753,0.2753,-4090.292023575516,1779.254605912102,ok
NVIDIA GeForce RTX 2080 Ti,float64,rbf,32.0,6.0,13.0,78.0,10.0,0.0,24.018,2.4018,-10022.991913507718,4940.023317050195,ok
NVIDIA GeForce RTX 2080 Ti,float64,rbf,16.0,6.0,13.0,78.0,10.0,2.0,2.746,0.2746,-4090.292023575516,1779.254605912102,ok
NVIDIA GeForce RTX 2080 Ti,float64,rbf,16.0,6.0,13.0,78.0,10.0,3.0,2.75,0.275,-4090.292023575516,1779.254605912102,ok
NVIDIA GeForce RTX 2080 Ti,float64,rbf,16.0,6.0,13.0,78.0,10.0,4.0,2.749,0.2749,-4090.292023575516,1779.254605912102,ok
NVIDIA GeForce RTX 2080 Ti,float64,rbf,32.0,6.0,13.0,78.0,10.0,1.0,7.036,0.7036,-10022.991913507718,4940.023317050195,ok
NVIDIA GeForce RTX 2080 Ti,float64,rbf,64.0,6.0,13.0,78.0,10.0,0.0,33.167,3.3167,-23111.91873180481,11598.022014437369,ok
NVIDIA GeForce RTX 2080 Ti,float64,rbf,16.0,6.0,13.0,78.0,10.0,5.0,2.766,0.2766,-4090.292023575516,1779.254605912102,ok
NVIDIA GeForce RTX 2080 Ti,float64,rbf,16.0,6.0,13.0,78.0,10.0,6.0,2.768,0.2768,-4090.292023575516,1779.254605912102,ok
NVIDIA GeForce RTX 2080 Ti,float64,rbf,32.0,6.0,13.0,78.0,10.0,2.0,7.034,0.7034,-10022.991913507718,4940.023317050195,ok
NVIDIA GeForce RTX 2080 Ti,float64,rbf,16.0,6.0,13.0,78.0,10.0,7.0,2.767,0.2767,-4090.292023575516,1779.254605912102,ok
NVIDIA GeForce RTX 2080 Ti,float64,rbf,16.0,6.0,13.0,78.0,10.0,8.0,2.765,0.2765,-4090.292023575516,1779.254605912102,ok
NVIDIA GeForce RTX 2080 Ti,float64,rbf,16.0,6.0,13.0,78.0,10.0,9.0,2.766,0.2766,-4090.292023575516,1779.254605912102,ok
NVIDIA GeForce RTX 2080 Ti,float64,rbf,32.0,6.0,13.0,78.0,10.0,3.0,7.027,0.7027,-10022.991913507718,4940.023317050195,ok
NVIDIA GeForce RTX 2080 Ti,float64,rbf,16.0,6.0,13.0,78.0,10.0,10.0,2.77,0.277,-4090.292023575516,1779.254605912102,ok
NVIDIA GeForce RTX 2080 Ti,float64,rbf,64.0,6.0,13.0,78.0,10.0,1.0,15.691,1.5691,-23111.91873180481,11598.022014437369,ok
NVIDIA GeForce RTX 2080 Ti,float64,rbf,16.0,6.0,13.0,78.0,10.0,11.0,2.764,0.2764,-4090.292023575516,1779.254605912102,ok
NVIDIA GeForce RTX 2080 Ti,float64,rbf,32.0,6.0,13.0,78.0,10.0,4.0,7.067,0.7067,-10022.991913507718,4940.023317050195,ok
NVIDIA GeForce RTX 2080 Ti,float64,rbf,32.0,6.0,13.0,78.0,10.0,5.0,7.071,0.7071,-10022.991913507718,4940.023317050195,ok
NVIDIA GeForce RTX 2080 Ti,float64,rbf,64.0,6.0,13.0,78.0,10.0,2.0,15.705,1.5705,-23111.91873180481,11598.022014437369,ok
NVIDIA GeForce RTX 2080 Ti,float64,rbf,32.0,6.0,13.0,78.0,10.0,6.0,7.073,0.7073,-10022.991913507718,4940.023317050195,ok
NVIDIA GeForce RTX 2080 Ti,float64,rbf,32.0,6.0,13.0,78.0,10.0,7.0,7.066,0.7066,-10022.991913507718,4940.023317050195,ok
NVIDIA GeForce RTX 2080 Ti,float64,rbf,64.0,6.0,13.0,78.0,10.0,3.0,15.701,1.5701,-23111.91873180481,11598.022014437369,ok
NVIDIA GeForce RTX 2080 Ti,float64,rbf,32.0,6.0,13.0,78.0,10.0,8.0,7.076,0.7076,-10022.991913507718,4940.023317050195,ok
NVIDIA GeForce RTX 2080 Ti,float64,rbf,32.0,6.0,13.0,78.0,10.0,9.0,7.12,0.712,-10022.991913507718,4940.023317050195,ok
NVIDIA GeForce RTX 2080 Ti,float64,rbf,32.0,6.0,13.0,78.0,10.0,10.0,7.131,0.7131,-10022.991913507718,4940.023317050195,ok
NVIDIA GeForce RTX 2080 Ti,float64,rbf,64.0,6.0,13.0,78.0,10.0,4.0,15.815,1.5815,-23111.91873180481,11598.022014437369,ok
NVIDIA GeForce RTX 2080 Ti,float64,rbf,32.0,6.0,13.0,78.0,10.0,11.0,7.132,0.7132,-10022.991913507718,4940.023317050195,ok
NVIDIA GeForce RTX 2080 Ti,float64,rbf,64.0,6.0,13.0,78.0,10.0,5.0,15.807,1.5807,-23111.91873180481,11598.022014437369,ok
NVIDIA GeForce RTX 2080 Ti,float64,rbf,128.0,6.0,13.0,78.0,10.0,0.0,100.214,10.0214,-51099.6578698541,26592.37068812456,ok
NVIDIA GeForce RTX 2080 Ti,float64,rbf,64.0,6.0,13.0,78.0,10.0,6.0,15.806,1.5806,-23111.91873180481,11598.022014437369,ok
NVIDIA GeForce RTX 2080 Ti,float64,rbf,64.0,6.0,13.0,78.0,10.0,7.0,15.845,1.5845,-23111.91873180481,11598.022014437369,ok
NVIDIA GeForce RTX 2080 Ti,float64,rbf,64.0,6.0,13.0,78.0,10.0,8.0,15.927,1.5927,-23111.91873180481,11598.022014437369,ok
NVIDIA GeForce RTX 2080 Ti,float64,rbf,64.0,6.0,13.0,78.0,10.0,9.0,15.927,1.5927,-23111.91873180481,11598.022014437369,ok
NVIDIA GeForce RTX 2080 Ti,float64,rbf,64.0,6.0,13.0,78.0,10.0,10.0,15.93,1.593,-23111.91873180481,11598.022014437369,ok
NVIDIA GeForce RTX 2080 Ti,float64,rbf,128.0,6.0,13.0,78.0,10.0,1.0,81.898,8.1898,-51099.6578698541,26592.37068812456,ok
NVIDIA GeForce RTX 2080 Ti,float64,rbf,64.0,6.0,13.0,78.0,10.0,11.0,15.934,1.5934,-23111.91873180481,11598.022014437369,ok
NVIDIA GeForce RTX 2080 Ti,float64,rbf,4096.0,6.0,13.0,78.0,10.0,0.0,,,,,JaxRuntimeError
NVIDIA GeForce RTX 2080 Ti,float64,rbf,128.0,6.0,13.0,78.0,10.0,2.0,82.371,8.2371,-51099.6578698541,26592.37068812456,ok
NVIDIA GeForce RTX 2080 Ti,float64,matern52,16.0,6.0,13.0,78.0,10.0,0.0,18.293,1.8293,-3966.847353002008,3230.814395224322,ok
NVIDIA GeForce RTX 2080 Ti,float64,matern52,16.0,6.0,13.0,78.0,10.0,1.0,2.075,0.2075,-3966.847353002008,3230.814395224322,ok
NVIDIA GeForce RTX 2080 Ti,float64,matern52,16.0,6.0,13.0,78.0,10.0,2.0,2.073,0.2073,-3966.847353002008,3230.814395224322,ok
NVIDIA GeForce RTX 2080 Ti,float64,matern52,16.0,6.0,13.0,78.0,10.0,3.0,2.078,0.2078,-3966.847353002008,3230.814395224322,ok
NVIDIA GeForce RTX 2080 Ti,float64,matern52,16.0,6.0,13.0,78.0,10.0,4.0,2.077,0.2077,-3966.847353002008,3230.814395224322,ok
NVIDIA GeForce RTX 2080 Ti,float64,matern52,16.0,6.0,13.0,78.0,10.0,5.0,2.072,0.2072,-3966.847353002008,3230.814395224322,ok
NVIDIA GeForce RTX 2080 Ti,float64,matern52,16.0,6.0,13.0,78.0,10.0,6.0,2.073,0.2073,-3966.847353002008,3230.814395224322,ok
NVIDIA GeForce RTX 2080 Ti,float64,matern52,16.0,6.0,13.0,78.0,10.0,7.0,2.072,0.2072,-3966.847353002008,3230.814395224322,ok
NVIDIA GeForce RTX 2080 Ti,float64,matern52,16.0,6.0,13.0,78.0,10.0,8.0,2.075,0.2075,-3966.847353002008,3230.814395224322,ok
NVIDIA GeForce RTX 2080 Ti,float64,matern52,16.0,6.0,13.0,78.0,10.0,9.0,2.082,0.2082,-3966.847353002008,3230.814395224322,ok
NVIDIA GeForce RTX 2080 Ti,float64,matern52,16.0,6.0,13.0,78.0,10.0,10.0,2.088,0.2088,-3966.847353002008,3230.814395224322,ok
NVIDIA GeForce RTX 2080 Ti,float64,matern52,16.0,6.0,13.0,78.0,10.0,11.0,2.089,0.2089,-3966.847353002008,3230.814395224322,ok
NVIDIA A100-SXM4-80GB,float64,rbf,16.0,6.0,13.0,78.0,10.0,0.0,20.152,2.0152,-4090.292023570547,2614.565391916812,ok
NVIDIA A100-SXM4-80GB,float64,rbf,16.0,6.0,13.0,78.0,10.0,1.0,1.577,0.1577,-4090.292023570547,2614.565391916812,ok
NVIDIA A100-SXM4-80GB,float64,rbf,16.0,6.0,13.0,78.0,10.0,2.0,1.576,0.1576,-4090.292023570547,2614.565391916812,ok
NVIDIA A100-SXM4-80GB,float64,rbf,16.0,6.0,13.0,78.0,10.0,3.0,1.568,0.1568,-4090.292023570547,2614.565391916812,ok
NVIDIA A100-SXM4-80GB,float64,rbf,16.0,6.0,13.0,78.0,10.0,4.0,1.569,0.1569,-4090.292023570547,2614.565391916812,ok
NVIDIA GeForce RTX 2080 Ti,float64,matern52,32.0,6.0,13.0,78.0,10.0,0.0,20.304,2.0304,-9863.292826015571,12219.975544154591,ok
NVIDIA A100-SXM4-80GB,float64,rbf,16.0,6.0,13.0,78.0,10.0,5.0,1.577,0.1577,-4090.292023570547,2614.565391916812,ok
NVIDIA A100-SXM4-80GB,float64,rbf,16.0,6.0,13.0,78.0,10.0,6.0,1.575,0.1575,-4090.292023570547,2614.565391916812,ok
NVIDIA A100-SXM4-80GB,float64,rbf,16.0,6.0,13.0,78.0,10.0,7.0,1.57,0.157,-4090.292023570547,2614.565391916812,ok
NVIDIA GeForce RTX 2080 Ti,float64,matern52,32.0,6.0,13.0,78.0,10.0,1.0,3.877,0.3877,-9863.292826015571,12219.975544154591,ok
NVIDIA A100-SXM4-80GB,float64,rbf,16.0,6.0,13.0,78.0,10.0,8.0,1.572,0.1572,-4090.292023570547,2614.565391916812,ok
NVIDIA A100-SXM4-80GB,float64,rbf,16.0,6.0,13.0,78.0,10.0,9.0,1.571,0.1571,-4090.292023570547,2614.565391916812,ok
NVIDIA GeForce RTX 2080 Ti,float64,matern52,32.0,6.0,13.0,78.0,10.0,2.0,3.874,0.3874,-9863.292826015571,12219.975544154591,ok
NVIDIA A100-SXM4-80GB,float64,rbf,16.0,6.0,13.0,78.0,10.0,10.0,1.577,0.1577,-4090.292023570547,2614.565391916812,ok
NVIDIA GeForce RTX 2080 Ti,float64,rbf,128.0,6.0,13.0,78.0,10.0,3.0,82.511,8.2511,-51099.6578698541,26592.37068812456,ok
NVIDIA A100-SXM4-80GB,float64,rbf,16.0,6.0,13.0,78.0,10.0,11.0,1.57,0.157,-4090.292023570547,2614.565391916812,ok
NVIDIA GeForce RTX 2080 Ti,float64,matern52,32.0,6.0,13.0,78.0,10.0,3.0,3.9,0.39,-9863.292826015571,12219.975544154591,ok
NVIDIA GeForce RTX 2080 Ti,float64,matern52,32.0,6.0,13.0,78.0,10.0,4.0,3.903,0.3903,-9863.292826015571,12219.975544154591,ok
NVIDIA GeForce RTX 2080 Ti,float64,matern52,32.0,6.0,13.0,78.0,10.0,5.0,3.904,0.3904,-9863.292826015571,12219.975544154591,ok
NVIDIA GeForce RTX 2080 Ti,float64,matern52,32.0,6.0,13.0,78.0,10.0,6.0,3.904,0.3904,-9863.292826015571,12219.975544154591,ok
NVIDIA A100-SXM4-80GB,float64,rbf,32.0,6.0,13.0,78.0,10.0,0.0,14.117,1.4117,-10022.988471717366,5153.898829376548,ok
NVIDIA A100-SXM4-80GB,float64,rbf,32.0,6.0,13.0,78.0,10.0,1.0,2.716,0.2716,-10022.988471717366,5153.898829376548,ok
NVIDIA A100-SXM4-80GB,float64,rbf,32.0,6.0,13.0,78.0,10.0,2.0,2.721,0.2721,-10022.988471717366,5153.898829376548,ok
NVIDIA GeForce RTX 2080 Ti,float64,matern52,32.0,6.0,13.0,78.0,10.0,8.0,3.901,0.3901,-9863.292826015571,12219.975544154591,ok
NVIDIA A100-SXM4-80GB,float64,rbf,32.0,6.0,13.0,78.0,10.0,3.0,2.717,0.2717,-10022.988471717366,5153.898829376548,ok
NVIDIA GeForce RTX 2080 Ti,float64,matern52,32.0,6.0,13.0,78.0,10.0,9.0,3.9,0.39,-9863.292826015571,12219.975544154591,ok
NVIDIA A100-SXM4-80GB,float64,rbf,32.0,6.0,13.0,78.0,10.0,4.0,2.714,0.2714,-10022.988471717366,5153.898829376548,ok
NVIDIA A100-SXM4-80GB,float64,rbf,32.0,6.0,13.0,78.0,10.0,5.0,2.718,0.2718,-10022.988471717366,5153.898829376548,ok
NVIDIA GeForce RTX 2080 Ti,float64,matern52,32.0,6.0,13.0,78.0,10.0,10.0,3.899,0.3899,-9863.292826015571,12219.975544154591,ok
NVIDIA A100-SXM4-80GB,float64,rbf,32.0,6.0,13.0,78.0,10.0,6.0,2.71,0.271,-10022.988471717366,5153.898829376548,ok
NVIDIA GeForce RTX 2080 Ti,float64,matern52,32.0,6.0,13.0,78.0,10.0,11.0,3.9,0.39,-9863.292826015571,12219.975544154591,ok
NVIDIA A100-SXM4-80GB,float64,rbf,32.0,6.0,13.0,78.0,10.0,7.0,2.712,0.2712,-10022.988471717366,5153.898829376548,ok
NVIDIA A100-SXM4-80GB,float64,rbf,32.0,6.0,13.0,78.0,10.0,8.0,2.723,0.2723,-10022.988471717366,5153.898829376548,ok
NVIDIA A100-SXM4-80GB,float64,rbf,32.0,6.0,13.0,78.0,10.0,9.0,2.726,0.2726,-10022.988471717366,5153.898829376548,ok
NVIDIA A100-SXM4-80GB,float64,rbf,32.0,6.0,13.0,78.0,10.0,10.0,2.714,0.2714,-10022.988471717366,5153.898829376548,ok
NVIDIA A100-SXM4-80GB,float64,rbf,32.0,6.0,13.0,78.0,10.0,11.0,2.718,0.2718,-10022.988471717366,5153.898829376548,ok
NVIDIA A100-SXM4-80GB,float64,rbf,64.0,6.0,13.0,78.0,10.0,0.0,17.125,1.7125,-23125.897637400936,10150.825091862042,ok
NVIDIA GeForce RTX 2080 Ti,float64,rbf,256.0,6.0,13.0,78.0,10.0,0.0,416.186,41.6186,-110775.17674580649,53690.18789567613,ok
NVIDIA A100-SXM4-80GB,float64,rbf,64.0,6.0,13.0,78.0,10.0,1.0,5.782,0.5782,-23125.897637400936,10150.825091862042,ok
NVIDIA A100-SXM4-80GB,float64,rbf,64.0,6.0,13.0,78.0,10.0,2.0,5.781,0.5781,-23125.897637400936,10150.825091862042,ok
NVIDIA A100-SXM4-80GB,float64,rbf,64.0,6.0,13.0,78.0,10.0,3.0,5.778,0.5778,-23125.897637400936,10150.825091862042,ok
NVIDIA GeForce RTX 2080 Ti,float64,rbf,128.0,6.0,13.0,78.0,10.0,4.0,82.3,8.23,-51099.6578698541,26592.37068812456,ok
NVIDIA A100-SXM4-80GB,float64,rbf,64.0,6.0,13.0,78.0,10.0,4.0,5.789,0.5789,-23125.897637400936,10150.825091862042,ok
NVIDIA A100-SXM4-80GB,float64,rbf,64.0,6.0,13.0,78.0,10.0,5.0,5.793,0.5793,-23125.897637400936,10150.825091862042,ok
NVIDIA A100-SXM4-80GB,float64,rbf,64.0,6.0,13.0,78.0,10.0,6.0,5.791,0.5791,-23125.897637400936,10150.825091862042,ok
NVIDIA A100-SXM4-80GB,float64,rbf,64.0,6.0,13.0,78.0,10.0,7.0,5.796,0.5796,-23125.897637400936,10150.825091862042,ok
NVIDIA A100-SXM4-80GB,float64,rbf,64.0,6.0,13.0,78.0,10.0,8.0,5.815,0.5815,-23125.897637400936,10150.825091862042,ok
NVIDIA A100-SXM4-80GB,float64,rbf,64.0,6.0,13.0,78.0,10.0,9.0,5.807,0.5807,-23125.897637400936,10150.825091862042,ok
NVIDIA A100-SXM4-80GB,float64,rbf,64.0,6.0,13.0,78.0,10.0,10.0,5.807,0.5807,-23125.897637400936,10150.825091862042,ok
NVIDIA A100-SXM4-80GB,float64,rbf,64.0,6.0,13.0,78.0,10.0,11.0,5.809,0.5809,-23125.897637400936,10150.825091862042,ok
NVIDIA A100-SXM4-80GB,float64,rbf,128.0,6.0,13.0,78.0,10.0,0.0,32.901,3.2901,-51119.41535476047,35915.97542046396,ok
NVIDIA GeForce RTX 2080 Ti,float64,rbf,128.0,6.0,13.0,78.0,10.0,5.0,82.297,8.2297,-51099.6578698541,26592.37068812456,ok
NVIDIA A100-SXM4-80GB,float64,rbf,128.0,6.0,13.0,78.0,10.0,1.0,20.154,2.0154,-51119.41535476047,35915.97542046396,ok
NVIDIA GeForce RTX 2080 Ti,float64,rbf,2048.0,6.0,13.0,78.0,10.0,0.0,,,,,JaxRuntimeError
NVIDIA A100-SXM4-80GB,float64,rbf,128.0,6.0,13.0,78.0,10.0,2.0,20.125,2.0125,-51119.41535476047,35915.97542046396,ok
NVIDIA A100-SXM4-80GB,float64,rbf,128.0,6.0,13.0,78.0,10.0,3.0,20.14,2.014,-51119.41535476047,35915.97542046396,ok
NVIDIA A100-SXM4-80GB,float64,rbf,128.0,6.0,13.0,78.0,10.0,4.0,20.146,2.0146,-51119.41535476047,35915.97542046396,ok
NVIDIA GeForce RTX 2080 Ti,float64,rbf,128.0,6.0,13.0,78.0,10.0,6.0,82.052,8.2052,-51099.6578698541,26592.37068812456,ok
NVIDIA GeForce RTX 2080 Ti,float64,matern52,64.0,6.0,13.0,78.0,10.0,0.0,34.478,3.4478,-22954.155034477342,26200.719432190897,ok
NVIDIA A100-SXM4-80GB,float64,rbf,128.0,6.0,13.0,78.0,10.0,5.0,20.117,2.0117,-51119.41535476047,35915.97542046396,ok
NVIDIA GeForce RTX 2080 Ti,float64,matern52,64.0,6.0,13.0,78.0,10.0,1.0,17.216,1.7216,-22954.155034477342,26200.719432190897,ok
NVIDIA A100-SXM4-80GB,float64,rbf,128.0,6.0,13.0,78.0,10.0,6.0,20.113,2.0113,-51119.41535476047,35915.97542046396,ok
NVIDIA GeForce RTX 2080 Ti,float64,matern52,64.0,6.0,13.0,78.0,10.0,2.0,17.281,1.7281,-22954.155034477342,26200.719432190897,ok
NVIDIA GeForce RTX 2080 Ti,float64,matern52,64.0,6.0,13.0,78.0,10.0,3.0,17.402,1.7402,-22954.155034477342,26200.719432190897,ok
NVIDIA A100-SXM4-80GB,float64,rbf,128.0,6.0,13.0,78.0,10.0,7.0,20.16,2.016,-51119.41535476047,35915.97542046396,ok
NVIDIA GeForce RTX 2080 Ti,float64,matern52,64.0,6.0,13.0,78.0,10.0,4.0,17.388,1.7388,-22954.155034477342,26200.719432190897,ok
NVIDIA A100-SXM4-80GB,float64,rbf,128.0,6.0,13.0,78.0,10.0,8.0,20.155,2.0155,-51119.41535476047,35915.97542046396,ok
NVIDIA GeForce RTX 2080 Ti,float64,rbf,128.0,6.0,13.0,78.0,10.0,7.0,82.287,8.2287,-51099.6578698541,26592.37068812456,ok
NVIDIA GeForce RTX 2080 Ti,float64,matern52,64.0,6.0,13.0,78.0,10.0,5.0,17.403,1.7403,-22954.155034477342,26200.719432190897,ok
NVIDIA A100-SXM4-80GB,float64,rbf,128.0,6.0,13.0,78.0,10.0,9.0,20.158,2.0158,-51119.41535476047,35915.97542046396,ok
NVIDIA GeForce RTX 2080 Ti,float64,matern52,64.0,6.0,13.0,78.0,10.0,6.0,17.401,1.7401,-22954.155034477342,26200.719432190897,ok
NVIDIA A100-SXM4-80GB,float64,rbf,128.0,6.0,13.0,78.0,10.0,10.0,20.166,2.0166,-51119.41535476047,35915.97542046396,ok
NVIDIA GeForce RTX 2080 Ti,float64,matern52,64.0,6.0,13.0,78.0,10.0,7.0,17.398,1.7398,-22954.155034477342,26200.719432190897,ok
NVIDIA A100-SXM4-80GB,float64,rbf,128.0,6.0,13.0,78.0,10.0,11.0,20.156,2.0156,-51119.41535476047,35915.97542046396,ok
NVIDIA GeForce RTX 2080 Ti,float64,matern52,64.0,6.0,13.0,78.0,10.0,8.0,17.391,1.7391,-22954.155034477342,26200.719432190897,ok
NVIDIA GeForce RTX 2080 Ti,float64,matern52,64.0,6.0,13.0,78.0,10.0,9.0,17.388,1.7388,-22954.155034477342,26200.719432190897,ok
NVIDIA GeForce RTX 2080 Ti,float64,rbf,128.0,6.0,13.0,78.0,10.0,8.0,82.278,8.2278,-51099.6578698541,26592.37068812456,ok
NVIDIA GeForce RTX 2080 Ti,float64,matern52,64.0,6.0,13.0,78.0,10.0,10.0,17.52,1.752,-22954.155034477342,26200.719432190897,ok
NVIDIA GeForce RTX 2080 Ti,float64,matern52,64.0,6.0,13.0,78.0,10.0,11.0,17.525,1.7525,-22954.155034477342,26200.719432190897,ok
NVIDIA A100-SXM4-80GB,float64,rbf,256.0,6.0,13.0,78.0,10.0,0.0,77.669,7.7669,-110769.30982795324,52911.24995027533,ok
NVIDIA GeForce RTX 2080 Ti,float64,rbf,256.0,6.0,13.0,78.0,10.0,1.0,400.869,40.0869,-110775.17674580649,53690.18789567613,ok
NVIDIA GeForce RTX 2080 Ti,float64,rbf,128.0,6.0,13.0,78.0,10.0,9.0,82.251,8.2251,-51099.6578698541,26592.37068812456,ok
NVIDIA A100-SXM4-80GB,float64,rbf,256.0,6.0,13.0,78.0,10.0,1.0,63.759,6.3759,-110769.30982795324,52911.24995027533,ok
NVIDIA GeForce RTX 2080 Ti,float64,matern52,128.0,6.0,13.0,78.0,10.0,0.0,80.558,8.0558,-51161.18031177945,26911.23246705684,ok
NVIDIA GeForce RTX 2080 Ti,float64,rbf,128.0,6.0,13.0,78.0,10.0,10.0,82.178,8.2178,-51099.6578698541,26592.37068812456,ok
NVIDIA A100-SXM4-80GB,float64,rbf,256.0,6.0,13.0,78.0,10.0,2.0,63.718,6.3718,-110769.30982795324,52911.24995027533,ok
NVIDIA GeForce RTX 2080 Ti,float64,matern52,128.0,6.0,13.0,78.0,10.0,1.0,62.873,6.2873,-51161.18031177945,26911.23246705684,ok
NVIDIA A100-SXM4-80GB,float64,rbf,256.0,6.0,13.0,78.0,10.0,3.0,63.721,6.3721,-110769.30982795324,52911.24995027533,ok
NVIDIA GeForce RTX 2080 Ti,float64,rbf,128.0,6.0,13.0,78.0,10.0,11.0,82.181,8.2181,-51099.6578698541,26592.37068812456,ok
NVIDIA GeForce RTX 2080 Ti,float64,matern52,128.0,6.0,13.0,78.0,10.0,2.0,62.955,6.2955,-51161.18031177945,26911.23246705684,ok
NVIDIA A100-SXM4-80GB,float64,rbf,256.0,6.0,13.0,78.0,10.0,4.0,63.791,6.3791,-110769.30982795324,52911.24995027533,ok
NVIDIA GeForce RTX 2080 Ti,float64,matern52,256.0,6.0,13.0,78.0,10.0,0.0,239.456,23.9456,-112055.54339991938,87103.4273643466,ok
NVIDIA GeForce RTX 2080 Ti,float64,matern52,128.0,6.0,13.0,78.0,10.0,3.0,62.914,6.2914,-51161.18031177945,26911.23246705684,ok
NVIDIA A100-SXM4-80GB,float64,rbf,256.0,6.0,13.0,78.0,10.0,5.0,63.795,6.3795,-110769.30982795324,52911.24995027533,ok
NVIDIA GeForce RTX 2080 Ti,float64,matern52,128.0,6.0,13.0,78.0,10.0,4.0,62.962,6.2962,-51161.18031177945,26911.23246705684,ok
NVIDIA A100-SXM4-80GB,float64,rbf,256.0,6.0,13.0,78.0,10.0,6.0,63.768,6.3768,-110769.30982795324,52911.24995027533,ok
NVIDIA GeForce RTX 2080 Ti,float64,matern52,128.0,6.0,13.0,78.0,10.0,5.0,62.886,6.2886,-51161.18031177945,26911.23246705684,ok
NVIDIA A100-SXM4-80GB,float64,rbf,256.0,6.0,13.0,78.0,10.0,7.0,63.774,6.3774,-110769.30982795324,52911.24995027533,ok
NVIDIA GeForce RTX 2080 Ti,float64,matern52,128.0,6.0,13.0,78.0,10.0,6.0,62.73,6.273,-51161.18031177945,26911.23246705684,ok
NVIDIA GeForce RTX 2080 Ti,float64,matern52,256.0,6.0,13.0,78.0,10.0,1.0,223.182,22.3182,-112055.54339991938,87103.4273643466,ok
NVIDIA A100-SXM4-80GB,float64,rbf,256.0,6.0,13.0,78.0,10.0,8.0,63.759,6.3759,-110769.30982795324,52911.24995027533,ok
NVIDIA GeForce RTX 2080 Ti,float64,matern52,128.0,6.0,13.0,78.0,10.0,7.0,62.821,6.2821,-51161.18031177945,26911.23246705684,ok
NVIDIA A100-SXM4-80GB,float64,rbf,256.0,6.0,13.0,78.0,10.0,9.0,63.751,6.3751,-110769.30982795324,52911.24995027533,ok
NVIDIA GeForce RTX 2080 Ti,float64,matern52,128.0,6.0,13.0,78.0,10.0,8.0,63.031,6.3031,-51161.18031177945,26911.23246705684,ok
NVIDIA A100-SXM4-80GB,float64,rbf,256.0,6.0,13.0,78.0,10.0,10.0,63.706,6.3706,-110769.30982795324,52911.24995027533,ok
NVIDIA GeForce RTX 2080 Ti,float64,matern52,128.0,6.0,13.0,78.0,10.0,9.0,63.004,6.3004,-51161.18031177945,26911.23246705684,ok
NVIDIA GeForce RTX 2080 Ti,float64,matern52,128.0,6.0,13.0,78.0,10.0,10.0,62.8,6.28,-51161.18031177945,26911.23246705684,ok
NVIDIA GeForce RTX 2080 Ti,float64,matern52,256.0,6.0,13.0,78.0,10.0,2.0,223.102,22.3102,-112055.54339991938,87103.4273643466,ok
NVIDIA GeForce RTX 2080 Ti,float64,matern52,128.0,6.0,13.0,78.0,10.0,11.0,62.798,6.2798,-51161.18031177945,26911.23246705684,ok
NVIDIA GeForce RTX 2080 Ti,float64,matern52,4096.0,6.0,13.0,78.0,10.0,0.0,,,,,JaxRuntimeError
NVIDIA A100-SXM4-80GB,float64,rbf,512.0,6.0,13.0,78.0,10.0,0.0,247.289,24.7289,-237227.52222405613,63636.297489510194,ok
NVIDIA GeForce RTX 2080 Ti,float64,matern52,256.0,6.0,13.0,78.0,10.0,3.0,223.114,22.3114,-112055.54339991938,87103.4273643466,ok
NVIDIA GeForce RTX 2080 Ti,float64,matern52,256.0,6.0,13.0,78.0,10.0,4.0,223.114,22.3114,-112055.54339991938,87103.4273643466,ok
NVIDIA GeForce RTX 2080 Ti,float64,matern52,2048.0,6.0,13.0,78.0,10.0,0.0,,,,,JaxRuntimeError
NVIDIA GeForce GTX 1080 Ti,float64,rbf,4096.0,6.0,13.0,78.0,10.0,0.0,,,,,JaxRuntimeError
NVIDIA GeForce RTX 2080 Ti,float32,rbf,64.0,6.0,13.0,78.0,10.0,0.0,17.936,1.7936,-22852.20703125,45151.4765625,ok
NVIDIA GeForce RTX 2080 Ti,float32,rbf,16.0,6.0,13.0,78.0,10.0,0.0,17.251,1.7251,-4077.263916015625,21044.837890625,ok
NVIDIA GeForce RTX 2080 Ti,float32,rbf,32.0,6.0,13.0,78.0,10.0,0.0,17.769,1.7769,-9969.052734375,29511.203125,ok
NVIDIA GeForce RTX 2080 Ti,float32,rbf,64.0,6.0,13.0,78.0,10.0,1.0,2.044,0.2044,-22852.20703125,45151.4765625,ok
NVIDIA GeForce RTX 2080 Ti,float32,rbf,16.0,6.0,13.0,78.0,10.0,1.0,0.839,0.0839,-4077.263916015625,21044.837890625,ok
NVIDIA GeForce RTX 2080 Ti,float32,rbf,16.0,6.0,13.0,78.0,10.0,2.0,0.827,0.0827,-4077.263916015625,21044.837890625,ok
NVIDIA GeForce RTX 2080 Ti,float32,rbf,32.0,6.0,13.0,78.0,10.0,1.0,1.526,0.1526,-9969.052734375,29511.203125,ok
NVIDIA GeForce RTX 2080 Ti,float32,rbf,16.0,6.0,13.0,78.0,10.0,3.0,0.825,0.0825,-4077.263916015625,21044.837890625,ok
NVIDIA GeForce RTX 2080 Ti,float32,rbf,64.0,6.0,13.0,78.0,10.0,2.0,2.054,0.2054,-22852.20703125,45151.4765625,ok
NVIDIA GeForce RTX 2080 Ti,float32,rbf,16.0,6.0,13.0,78.0,10.0,4.0,0.821,0.0821,-4077.263916015625,21044.837890625,ok
NVIDIA GeForce RTX 2080 Ti,float32,rbf,32.0,6.0,13.0,78.0,10.0,2.0,1.519,0.1519,-9969.052734375,29511.203125,ok
NVIDIA GeForce RTX 2080 Ti,float32,rbf,16.0,6.0,13.0,78.0,10.0,5.0,0.824,0.0824,-4077.263916015625,21044.837890625,ok
NVIDIA GeForce GTX 1080 Ti,float32,rbf,16.0,6.0,13.0,78.0,10.0,0.0,16.931,1.6931,-4076.684814453125,18760.734375,ok
NVIDIA GeForce GTX 1080 Ti,float32,rbf,32.0,6.0,13.0,78.0,10.0,0.0,17.053,1.7053,-9958.76171875,29717.59765625,ok
NVIDIA GeForce RTX 2080 Ti,float32,rbf,64.0,6.0,13.0,78.0,10.0,3.0,2.052,0.2052,-22852.20703125,45151.4765625,ok
NVIDIA GeForce RTX 2080 Ti,float32,rbf,16.0,6.0,13.0,78.0,10.0,6.0,0.822,0.0822,-4077.263916015625,21044.837890625,ok
NVIDIA GeForce RTX 2080 Ti,float32,rbf,32.0,6.0,13.0,78.0,10.0,3.0,1.521,0.1521,-9969.052734375,29511.203125,ok
NVIDIA GeForce GTX 1080 Ti,float32,rbf,16.0,6.0,13.0,78.0,10.0,1.0,0.861,0.0861,-4076.684814453125,18760.734375,ok
NVIDIA GeForce RTX 2080 Ti,float32,rbf,16.0,6.0,13.0,78.0,10.0,7.0,0.823,0.0823,-4077.263916015625,21044.837890625,ok
NVIDIA GeForce GTX 1080 Ti,float32,rbf,32.0,6.0,13.0,78.0,10.0,1.0,1.527,0.1527,-9958.76171875,29717.59765625,ok
NVIDIA GeForce GTX 1080 Ti,float32,rbf,16.0,6.0,13.0,78.0,10.0,2.0,0.851,0.0851,-4076.684814453125,18760.734375,ok
NVIDIA GeForce RTX 2080 Ti,float32,rbf,32.0,6.0,13.0,78.0,10.0,4.0,1.519,0.1519,-9969.052734375,29511.203125,ok
NVIDIA GeForce RTX 2080 Ti,float32,rbf,16.0,6.0,13.0,78.0,10.0,8.0,0.823,0.0823,-4077.263916015625,21044.837890625,ok
NVIDIA GeForce RTX 2080 Ti,float32,rbf,128.0,6.0,13.0,78.0,10.0,0.0,24.125,2.4125,-50438.921875,51428.421875,ok
NVIDIA GeForce RTX 2080 Ti,float32,rbf,64.0,6.0,13.0,78.0,10.0,4.0,2.051,0.2051,-22852.20703125,45151.4765625,ok
NVIDIA GeForce GTX 1080 Ti,float32,rbf,16.0,6.0,13.0,78.0,10.0,3.0,0.853,0.0853,-4076.684814453125,18760.734375,ok
NVIDIA GeForce RTX 2080 Ti,float32,rbf,16.0,6.0,13.0,78.0,10.0,9.0,0.824,0.0824,-4077.263916015625,21044.837890625,ok
NVIDIA GeForce GTX 1080 Ti,float32,rbf,32.0,6.0,13.0,78.0,10.0,2.0,1.525,0.1525,-9958.76171875,29717.59765625,ok
NVIDIA GeForce GTX 1080 Ti,float32,rbf,16.0,6.0,13.0,78.0,10.0,4.0,0.849,0.0849,-4076.684814453125,18760.734375,ok
NVIDIA GeForce RTX 2080 Ti,float32,rbf,32.0,6.0,13.0,78.0,10.0,5.0,1.524,0.1524,-9969.052734375,29511.203125,ok
NVIDIA GeForce RTX 2080 Ti,float32,rbf,16.0,6.0,13.0,78.0,10.0,10.0,0.82,0.082,-4077.263916015625,21044.837890625,ok
NVIDIA GeForce GTX 1080 Ti,float32,rbf,16.0,6.0,13.0,78.0,10.0,5.0,0.856,0.0856,-4076.684814453125,18760.734375,ok
NVIDIA GeForce RTX 2080 Ti,float32,rbf,64.0,6.0,13.0,78.0,10.0,5.0,2.053,0.2053,-22852.20703125,45151.4765625,ok
NVIDIA GeForce RTX 2080 Ti,float32,rbf,16.0,6.0,13.0,78.0,10.0,11.0,0.82,0.082,-4077.263916015625,21044.837890625,ok
NVIDIA GeForce GTX 1080 Ti,float32,rbf,32.0,6.0,13.0,78.0,10.0,3.0,1.519,0.1519,-9958.76171875,29717.59765625,ok
NVIDIA GeForce RTX 2080 Ti,float32,rbf,32.0,6.0,13.0,78.0,10.0,6.0,1.53,0.153,-9969.052734375,29511.203125,ok
NVIDIA GeForce GTX 1080 Ti,float32,rbf,16.0,6.0,13.0,78.0,10.0,6.0,0.85,0.085,-4076.684814453125,18760.734375,ok
NVIDIA GeForce GTX 1080 Ti,float32,rbf,16.0,6.0,13.0,78.0,10.0,7.0,0.861,0.0861,-4076.684814453125,18760.734375,ok
NVIDIA GeForce GTX 1080 Ti,float32,rbf,32.0,6.0,13.0,78.0,10.0,4.0,1.521,0.1521,-9958.76171875,29717.59765625,ok
NVIDIA GeForce RTX 2080 Ti,float32,rbf,64.0,6.0,13.0,78.0,10.0,6.0,2.067,0.2067,-22852.20703125,45151.4765625,ok
NVIDIA GeForce RTX 2080 Ti,float32,rbf,32.0,6.0,13.0,78.0,10.0,7.0,1.535,0.1535,-9969.052734375,29511.203125,ok
NVIDIA GeForce GTX 1080 Ti,float32,rbf,16.0,6.0,13.0,78.0,10.0,8.0,0.85,0.085,-4076.684814453125,18760.734375,ok
NVIDIA GeForce GTX 1080 Ti,float32,rbf,16.0,6.0,13.0,78.0,10.0,9.0,0.859,0.0859,-4076.684814453125,18760.734375,ok
NVIDIA GeForce GTX 1080 Ti,float32,rbf,32.0,6.0,13.0,78.0,10.0,5.0,1.52,0.152,-9958.76171875,29717.59765625,ok
NVIDIA GeForce RTX 2080 Ti,float32,rbf,32.0,6.0,13.0,78.0,10.0,8.0,1.529,0.1529,-9969.052734375,29511.203125,ok
NVIDIA A100-SXM4-80GB,float64,rbf,1024.0,6.0,13.0,78.0,10.0,0.0,1086.508,108.6508,-503042.2621034248,122783.8817564946,ok
NVIDIA GeForce RTX 2080 Ti,float32,rbf,64.0,6.0,13.0,78.0,10.0,7.0,2.069,0.2069,-22852.20703125,45151.4765625,ok
NVIDIA GeForce RTX 2080 Ti,float32,rbf,128.0,6.0,13.0,78.0,10.0,1.0,6.319,0.6319,-50438.921875,51428.421875,ok
NVIDIA GeForce GTX 1080 Ti,float32,rbf,16.0,6.0,13.0,78.0,10.0,10.0,0.847,0.0847,-4076.684814453125,18760.734375,ok
NVIDIA GeForce GTX 1080 Ti,float32,rbf,32.0,6.0,13.0,78.0,10.0,6.0,1.521,0.1521,-9958.76171875,29717.59765625,ok
NVIDIA GeForce GTX 1080 Ti,float32,rbf,16.0,6.0,13.0,78.0,10.0,11.0,0.848,0.0848,-4076.684814453125,18760.734375,ok
NVIDIA GeForce RTX 2080 Ti,float32,rbf,32.0,6.0,13.0,78.0,10.0,9.0,1.526,0.1526,-9969.052734375,29511.203125,ok
NVIDIA GeForce RTX 2080 Ti,float32,rbf,64.0,6.0,13.0,78.0,10.0,8.0,2.067,0.2067,-22852.20703125,45151.4765625,ok
NVIDIA GeForce GTX 1080 Ti,float32,rbf,32.0,6.0,13.0,78.0,10.0,7.0,1.526,0.1526,-9958.76171875,29717.59765625,ok
NVIDIA GeForce RTX 2080 Ti,float32,rbf,32.0,6.0,13.0,78.0,10.0,10.0,1.527,0.1527,-9969.052734375,29511.203125,ok
NVIDIA GeForce GTX 1080 Ti,float32,rbf,32.0,6.0,13.0,78.0,10.0,8.0,1.525,0.1525,-9958.76171875,29717.59765625,ok
NVIDIA GeForce RTX 2080 Ti,float32,rbf,64.0,6.0,13.0,78.0,10.0,9.0,2.067,0.2067,-22852.20703125,45151.4765625,ok
NVIDIA GeForce RTX 2080 Ti,float32,rbf,32.0,6.0,13.0,78.0,10.0,11.0,1.526,0.1526,-9969.052734375,29511.203125,ok
NVIDIA GeForce GTX 1080 Ti,float32,rbf,32.0,6.0,13.0,78.0,10.0,9.0,1.52,0.152,-9958.76171875,29717.59765625,ok
NVIDIA GeForce RTX 2080 Ti,float32,rbf,64.0,6.0,13.0,78.0,10.0,10.0,2.068,0.2068,-22852.20703125,45151.4765625,ok
NVIDIA GeForce RTX 2080 Ti,float32,rbf,128.0,6.0,13.0,78.0,10.0,2.0,6.344,0.6344,-50438.921875,51428.421875,ok
NVIDIA GeForce GTX 1080 Ti,float32,rbf,32.0,6.0,13.0,78.0,10.0,10.0,1.527,0.1527,-9958.76171875,29717.59765625,ok
NVIDIA GeForce GTX 1080 Ti,float32,rbf,2048.0,6.0,13.0,78.0,10.0,0.0,,,,,JaxRuntimeError
NVIDIA GeForce RTX 2080 Ti,float32,rbf,64.0,6.0,13.0,78.0,10.0,11.0,2.067,0.2067,-22852.20703125,45151.4765625,ok
NVIDIA GeForce GTX 1080 Ti,float32,rbf,32.0,6.0,13.0,78.0,10.0,11.0,1.518,0.1518,-9958.76171875,29717.59765625,ok
NVIDIA GeForce RTX 2080 Ti,float32,rbf,128.0,6.0,13.0,78.0,10.0,3.0,6.378,0.6378,-50438.921875,51428.421875,ok
NVIDIA GeForce GTX 1080 Ti,float64,rbf,32.0,6.0,13.0,78.0,10.0,0.0,24.141,2.4141,-10023.183069803848,4934.2892681591775,ok
NVIDIA GeForce RTX 2080 Ti,float32,rbf,128.0,6.0,13.0,78.0,10.0,4.0,6.358,0.6358,-50438.921875,51428.421875,ok
NVIDIA GeForce GTX 1080 Ti,float64,rbf,32.0,6.0,13.0,78.0,10.0,1.0,5.041,0.5041,-10023.183069803848,4934.2892681591775,ok
NVIDIA GeForce GTX 1080 Ti,float64,rbf,64.0,6.0,13.0,78.0,10.0,0.0,30.201,3.0201,-23125.8976374008,8423.268515405338,ok
NVIDIA GeForce GTX 1080 Ti,float64,rbf,32.0,6.0,13.0,78.0,10.0,2.0,5.058,0.5058,-10023.183069803848,4934.2892681591775,ok
NVIDIA GeForce RTX 2080 Ti,float32,rbf,128.0,6.0,13.0,78.0,10.0,5.0,6.391,0.6391,-50438.921875,51428.421875,ok
NVIDIA GeForce GTX 1080 Ti,float64,rbf,32.0,6.0,13.0,78.0,10.0,3.0,5.083,0.5083,-10023.183069803848,4934.2892681591775,ok
NVIDIA GeForce GTX 1080 Ti,float64,rbf,16.0,6.0,13.0,78.0,10.0,0.0,22.324,2.2324,-4090.292023574151,2517.6158359980395,ok
NVIDIA GeForce GTX 1080 Ti,float32,rbf,64.0,6.0,13.0,78.0,10.0,0.0,22.705,2.2705,-23006.41015625,55587.796875,ok
NVIDIA GeForce GTX 1080 Ti,float64,rbf,64.0,6.0,13.0,78.0,10.0,1.0,10.71,1.071,-23125.8976374008,8423.268515405338,ok
NVIDIA GeForce RTX 2080 Ti,float32,rbf,128.0,6.0,13.0,78.0,10.0,6.0,6.415,0.6415,-50438.921875,51428.421875,ok
NVIDIA GeForce GTX 1080 Ti,float64,rbf,16.0,6.0,13.0,78.0,10.0,1.0,1.9,0.19,-4090.292023574151,2517.6158359980395,ok
NVIDIA GeForce GTX 1080 Ti,float64,rbf,16.0,6.0,13.0,78.0,10.0,2.0,1.893,0.1893,-4090.292023574151,2517.6158359980395,ok
NVIDIA GeForce GTX 1080 Ti,float64,rbf,32.0,6.0,13.0,78.0,10.0,4.0,5.072,0.5072,-10023.183069803848,4934.2892681591775,ok
NVIDIA GeForce GTX 1080 Ti,float32,rbf,64.0,6.0,13.0,78.0,10.0,1.0,4.033,0.4033,-23006.41015625,55587.796875,ok
NVIDIA GeForce GTX 1080 Ti,float64,rbf,16.0,6.0,13.0,78.0,10.0,3.0,1.893,0.1893,-4090.292023574151,2517.6158359980395,ok
NVIDIA GeForce GTX 1080 Ti,float64,rbf,16.0,6.0,13.0,78.0,10.0,4.0,1.892,0.1892,-4090.292023574151,2517.6158359980395,ok
NVIDIA GeForce RTX 2080 Ti,float32,rbf,128.0,6.0,13.0,78.0,10.0,7.0,6.466,0.6466,-50438.921875,51428.421875,ok
NVIDIA GeForce GTX 1080 Ti,float32,rbf,64.0,6.0,13.0,78.0,10.0,2.0,3.994,0.3994,-23006.41015625,55587.796875,ok
NVIDIA GeForce GTX 1080 Ti,float64,rbf,32.0,6.0,13.0,78.0,10.0,5.0,5.073,0.5073,-10023.183069803848,4934.2892681591775,ok
NVIDIA GeForce GTX 1080 Ti,float32,rbf,128.0,6.0,13.0,78.0,10.0,0.0,31.607,3.1607,-50383.4140625,60529.3046875,ok
NVIDIA GeForce GTX 1080 Ti,float64,rbf,16.0,6.0,13.0,78.0,10.0,5.0,1.889,0.1889,-4090.292023574151,2517.6158359980395,ok
NVIDIA GeForce GTX 1080 Ti,float64,rbf,64.0,6.0,13.0,78.0,10.0,2.0,10.812,1.0812,-23125.8976374008,8423.268515405338,ok
NVIDIA GeForce GTX 1080 Ti,float64,rbf,16.0,6.0,13.0,78.0,10.0,6.0,1.891,0.1891,-4090.292023574151,2517.6158359980395,ok
NVIDIA GeForce GTX 1080 Ti,float32,rbf,64.0,6.0,13.0,78.0,10.0,3.0,3.995,0.3995,-23006.41015625,55587.796875,ok
NVIDIA GeForce GTX 1080 Ti,float64,rbf,16.0,6.0,13.0,78.0,10.0,7.0,1.887,0.1887,-4090.292023574151,2517.6158359980395,ok
NVIDIA GeForce GTX 1080 Ti,float64,rbf,32.0,6.0,13.0,78.0,10.0,6.0,5.064,0.5064,-10023.183069803848,4934.2892681591775,ok
NVIDIA GeForce RTX 2080 Ti,float32,rbf,128.0,6.0,13.0,78.0,10.0,8.0,6.624,0.6624,-50438.921875,51428.421875,ok
NVIDIA GeForce GTX 1080 Ti,float64,rbf,16.0,6.0,13.0,78.0,10.0,8.0,1.899,0.1899,-4090.292023574151,2517.6158359980395,ok
NVIDIA GeForce GTX 1080 Ti,float32,rbf,64.0,6.0,13.0,78.0,10.0,4.0,3.998,0.3998,-23006.41015625,55587.796875,ok
NVIDIA GeForce GTX 1080 Ti,float64,rbf,16.0,6.0,13.0,78.0,10.0,9.0,1.886,0.1886,-4090.292023574151,2517.6158359980395,ok
NVIDIA GeForce GTX 1080 Ti,float64,rbf,32.0,6.0,13.0,78.0,10.0,7.0,5.066,0.5066,-10023.183069803848,4934.2892681591775,ok
NVIDIA GeForce GTX 1080 Ti,float64,rbf,16.0,6.0,13.0,78.0,10.0,10.0,1.895,0.1895,-4090.292023574151,2517.6158359980395,ok
NVIDIA GeForce GTX 1080 Ti,float32,rbf,128.0,6.0,13.0,78.0,10.0,1.0,11.089,1.1089,-50383.4140625,60529.3046875,ok
NVIDIA GeForce GTX 1080 Ti,float32,rbf,64.0,6.0,13.0,78.0,10.0,5.0,4.033,0.4033,-23006.41015625,55587.796875,ok
NVIDIA GeForce RTX 2080 Ti,float32,rbf,128.0,6.0,13.0,78.0,10.0,9.0,6.681,0.6681,-50438.921875,51428.421875,ok
NVIDIA GeForce GTX 1080 Ti,float64,rbf,16.0,6.0,13.0,78.0,10.0,11.0,1.886,0.1886,-4090.292023574151,2517.6158359980395,ok
NVIDIA GeForce GTX 1080 Ti,float64,rbf,64.0,6.0,13.0,78.0,10.0,3.0,10.752,1.0752,-23125.8976374008,8423.268515405338,ok
NVIDIA GeForce GTX 1080 Ti,float64,rbf,32.0,6.0,13.0,78.0,10.0,8.0,5.059,0.5059,-10023.183069803848,4934.2892681591775,ok
NVIDIA GeForce GTX 1080 Ti,float32,rbf,64.0,6.0,13.0,78.0,10.0,6.0,4.008,0.4008,-23006.41015625,55587.796875,ok
NVIDIA GeForce GTX 1080 Ti,float32,rbf,256.0,6.0,13.0,78.0,10.0,0.0,47.479,4.7479,-108918.828125,73757.109375,ok
NVIDIA GeForce RTX 2080 Ti,float32,rbf,128.0,6.0,13.0,78.0,10.0,10.0,6.733,0.6733,-50438.921875,51428.421875,ok
NVIDIA GeForce GTX 1080 Ti,float32,rbf,64.0,6.0,13.0,78.0,10.0,7.0,4.018,0.4018,-23006.41015625,55587.796875,ok
NVIDIA GeForce GTX 1080 Ti,float64,rbf,32.0,6.0,13.0,78.0,10.0,9.0,5.063,0.5063,-10023.183069803848,4934.2892681591775,ok
NVIDIA GeForce GTX 1080 Ti,float32,rbf,128.0,6.0,13.0,78.0,10.0,2.0,11.094,1.1094,-50383.4140625,60529.3046875,ok
NVIDIA GeForce GTX 1080 Ti,float64,rbf,64.0,6.0,13.0,78.0,10.0,4.0,10.767,1.0767,-23125.8976374008,8423.268515405338,ok
NVIDIA GeForce GTX 1080 Ti,float32,rbf,64.0,6.0,13.0,78.0,10.0,8.0,4.02,0.402,-23006.41015625,55587.796875,ok
NVIDIA GeForce GTX 1080 Ti,float64,rbf,32.0,6.0,13.0,78.0,10.0,10.0,5.08,0.508,-10023.183069803848,4934.2892681591775,ok
NVIDIA GeForce RTX 2080 Ti,float32,rbf,128.0,6.0,13.0,78.0,10.0,11.0,6.764,0.6764,-50438.921875,51428.421875,ok
NVIDIA GeForce RTX 2080 Ti,float32,rbf,256.0,6.0,13.0,78.0,10.0,0.0,35.694,3.5694,-108657.0,73821.3671875,ok
NVIDIA GeForce GTX 1080 Ti,float32,rbf,64.0,6.0,13.0,78.0,10.0,9.0,4.02,0.402,-23006.41015625,55587.796875,ok
NVIDIA GeForce GTX 1080 Ti,float64,rbf,32.0,6.0,13.0,78.0,10.0,11.0,5.07,0.507,-10023.183069803848,4934.2892681591775,ok
NVIDIA GeForce GTX 1080 Ti,float32,rbf,64.0,6.0,13.0,78.0,10.0,10.0,4.06,0.406,-23006.41015625,55587.796875,ok
NVIDIA GeForce GTX 1080 Ti,float32,rbf,128.0,6.0,13.0,78.0,10.0,3.0,11.254,1.1254,-50383.4140625,60529.3046875,ok
NVIDIA GeForce GTX 1080 Ti,float64,rbf,64.0,6.0,13.0,78.0,10.0,5.0,10.726,1.0726,-23125.8976374008,8423.268515405338,ok
NVIDIA GeForce GTX 1080 Ti,float32,rbf,64.0,6.0,13.0,78.0,10.0,11.0,4.023,0.4023,-23006.41015625,55587.796875,ok
NVIDIA GeForce GTX 1080 Ti,float32,rbf,128.0,6.0,13.0,78.0,10.0,4.0,11.207,1.1207,-50383.4140625,60529.3046875,ok
NVIDIA GeForce GTX 1080 Ti,float32,rbf,256.0,6.0,13.0,78.0,10.0,1.0,29.034,2.9034,-108918.828125,73757.109375,ok
NVIDIA GeForce GTX 1080 Ti,float64,rbf,64.0,6.0,13.0,78.0,10.0,6.0,10.791,1.0791,-23125.8976374008,8423.268515405338,ok
NVIDIA GeForce RTX 2080 Ti,float32,rbf,256.0,6.0,13.0,78.0,10.0,1.0,19.101,1.9101,-108657.0,73821.3671875,ok
NVIDIA GeForce RTX 2080 Ti,float32,rbf,2048.0,6.0,13.0,78.0,10.0,0.0,,,,,JaxRuntimeError
NVIDIA GeForce GTX 1080 Ti,float64,rbf,64.0,6.0,13.0,78.0,10.0,7.0,10.839,1.0839,-23125.8976374008,8423.268515405338,ok
NVIDIA GeForce GTX 1080 Ti,float32,rbf,128.0,6.0,13.0,78.0,10.0,5.0,11.231,1.1231,-50383.4140625,60529.3046875,ok
NVIDIA GeForce RTX 2080 Ti,float32,rbf,256.0,6.0,13.0,78.0,10.0,2.0,19.349,1.9349,-108657.0,73821.3671875,ok
NVIDIA GeForce GTX 1080 Ti,float64,rbf,64.0,6.0,13.0,78.0,10.0,8.0,10.833,1.0833,-23125.8976374008,8423.268515405338,ok
NVIDIA GeForce GTX 1080 Ti,float32,rbf,128.0,6.0,13.0,78.0,10.0,6.0,11.142,1.1142,-50383.4140625,60529.3046875,ok
NVIDIA GeForce GTX 1080 Ti,float64,rbf,128.0,6.0,13.0,78.0,10.0,0.0,122.838,12.2838,-51106.70588444928,26723.90268791293,ok
NVIDIA GeForce GTX 1080 Ti,float32,rbf,256.0,6.0,13.0,78.0,10.0,2.0,29.154,2.9154,-108918.828125,73757.109375,ok
NVIDIA GeForce GTX 1080 Ti,float64,rbf,64.0,6.0,13.0,78.0,10.0,9.0,10.833,1.0833,-23125.8976374008,8423.268515405338,ok
NVIDIA GeForce GTX 1080 Ti,float32,rbf,128.0,6.0,13.0,78.0,10.0,7.0,11.148,1.1148,-50383.4140625,60529.3046875,ok
NVIDIA GeForce RTX 2080 Ti,float32,rbf,256.0,6.0,13.0,78.0,10.0,3.0,19.841,1.9841,-108657.0,73821.3671875,ok
NVIDIA GeForce GTX 1080 Ti,float64,rbf,64.0,6.0,13.0,78.0,10.0,10.0,10.836,1.0836,-23125.8976374008,8423.268515405338,ok
NVIDIA GeForce GTX 1080 Ti,float32,rbf,128.0,6.0,13.0,78.0,10.0,8.0,11.152,1.1152,-50383.4140625,60529.3046875,ok
NVIDIA GeForce GTX 1080 Ti,float64,rbf,64.0,6.0,13.0,78.0,10.0,11.0,10.83,1.083,-23125.8976374008,8423.268515405338,ok
NVIDIA GeForce GTX 1080 Ti,float32,rbf,128.0,6.0,13.0,78.0,10.0,9.0,11.251,1.1251,-50383.4140625,60529.3046875,ok
NVIDIA GeForce RTX 2080 Ti,float32,rbf,512.0,6.0,13.0,78.0,10.0,0.0,112.104,11.2104,-234069.84375,138944.15625,ok
NVIDIA GeForce GTX 1080 Ti,float32,rbf,256.0,6.0,13.0,78.0,10.0,3.0,29.193,2.9193,-108918.828125,73757.109375,ok
NVIDIA GeForce RTX 2080 Ti,float32,rbf,256.0,6.0,13.0,78.0,10.0,4.0,20.016,2.0016,-108657.0,73821.3671875,ok
NVIDIA GeForce GTX 1080 Ti,float32,rbf,128.0,6.0,13.0,78.0,10.0,10.0,11.309,1.1309,-50383.4140625,60529.3046875,ok
NVIDIA GeForce GTX 1080 Ti,float32,rbf,512.0,6.0,13.0,78.0,10.0,0.0,144.707,14.4707,-233252.65625,125227.6796875,ok
NVIDIA GeForce GTX 1080 Ti,float32,rbf,128.0,6.0,13.0,78.0,10.0,11.0,11.245,1.1245,-50383.4140625,60529.3046875,ok
NVIDIA GeForce RTX 2080 Ti,float32,rbf,256.0,6.0,13.0,78.0,10.0,5.0,19.977,1.9977,-108657.0,73821.3671875,ok
NVIDIA GeForce GTX 1080 Ti,float32,rbf,256.0,6.0,13.0,78.0,10.0,4.0,29.207,2.9207,-108918.828125,73757.109375,ok
NVIDIA GeForce RTX 2080 Ti,float32,rbf,256.0,6.0,13.0,78.0,10.0,6.0,19.981,1.9981,-108657.0,73821.3671875,ok
NVIDIA GeForce GTX 1080 Ti,float32,rbf,256.0,6.0,13.0,78.0,10.0,5.0,28.944,2.8944,-108918.828125,73757.109375,ok
NVIDIA GeForce RTX 2080 Ti,float32,rbf,256.0,6.0,13.0,78.0,10.0,7.0,20.056,2.0056,-108657.0,73821.3671875,ok
NVIDIA GeForce GTX 1080 Ti,float64,rbf,128.0,6.0,13.0,78.0,10.0,1.0,103.406,10.3406,-51106.70588444928,26723.90268791293,ok
NVIDIA GeForce RTX 2080 Ti,float32,rbf,256.0,6.0,13.0,78.0,10.0,8.0,20.108,2.0108,-108657.0,73821.3671875,ok
NVIDIA GeForce GTX 1080 Ti,float32,rbf,256.0,6.0,13.0,78.0,10.0,6.0,28.934,2.8934,-108918.828125,73757.109375,ok
NVIDIA GeForce RTX 2080 Ti,float32,rbf,512.0,6.0,13.0,78.0,10.0,1.0,98.963,9.8963,-234069.84375,138944.15625,ok
NVIDIA GeForce RTX 2080 Ti,float32,rbf,256.0,6.0,13.0,78.0,10.0,9.0,20.043,2.0043,-108657.0,73821.3671875,ok
NVIDIA GeForce GTX 1080 Ti,float32,rbf,256.0,6.0,13.0,78.0,10.0,7.0,28.913,2.8913,-108918.828125,73757.109375,ok
NVIDIA GeForce RTX 2080 Ti,float32,rbf,256.0,6.0,13.0,78.0,10.0,10.0,20.031,2.0031,-108657.0,73821.3671875,ok
NVIDIA GeForce GTX 1080 Ti,float32,rbf,512.0,6.0,13.0,78.0,10.0,1.0,127.859,12.7859,-233252.65625,125227.6796875,ok
NVIDIA GeForce RTX 2080 Ti,float32,rbf,256.0,6.0,13.0,78.0,10.0,11.0,20.113,2.0113,-108657.0,73821.3671875,ok
NVIDIA GeForce GTX 1080 Ti,float32,rbf,256.0,6.0,13.0,78.0,10.0,8.0,29.12,2.912,-108918.828125,73757.109375,ok
NVIDIA GeForce GTX 1080 Ti,float32,rbf,256.0,6.0,13.0,78.0,10.0,9.0,29.322,2.9322,-108918.828125,73757.109375,ok
NVIDIA GeForce GTX 1080 Ti,float64,rbf,128.0,6.0,13.0,78.0,10.0,2.0,103.162,10.3162,-51106.70588444928,26723.90268791293,ok
NVIDIA GeForce RTX 2080 Ti,float32,rbf,512.0,6.0,13.0,78.0,10.0,2.0,98.6,9.86,-234069.84375,138944.15625,ok
NVIDIA GeForce GTX 1080 Ti,float32,rbf,256.0,6.0,13.0,78.0,10.0,10.0,29.318,2.9318,-108918.828125,73757.109375,ok
NVIDIA GeForce GTX 1080 Ti,float32,rbf,256.0,6.0,13.0,78.0,10.0,11.0,29.287,2.9287,-108918.828125,73757.109375,ok
NVIDIA GeForce GTX 1080 Ti,float32,rbf,4096.0,6.0,13.0,78.0,10.0,0.0,,,,,JaxRuntimeError
NVIDIA GeForce GTX 1080 Ti,float64,rbf,2048.0,6.0,13.0,78.0,10.0,0.0,,,,,JaxRuntimeError
NVIDIA GeForce GTX 1080 Ti,float32,rbf,512.0,6.0,13.0,78.0,10.0,2.0,127.526,12.7526,-233252.65625,125227.6796875,ok
NVIDIA GeForce GTX 1080 Ti,float64,rbf,128.0,6.0,13.0,78.0,10.0,3.0,103.167,10.3167,-51106.70588444928,26723.90268791293,ok
NVIDIA GeForce RTX 2080 Ti,float32,rbf,512.0,6.0,13.0,78.0,10.0,3.0,98.711,9.8711,-234069.84375,138944.15625,ok
NVIDIA GeForce RTX 2080 Ti,float32,rbf,4096.0,6.0,13.0,78.0,10.0,0.0,,,,,JaxRuntimeError
NVIDIA GeForce GTX 1080 Ti,float64,rbf,128.0,6.0,13.0,78.0,10.0,4.0,103.4,10.34,-51106.70588444928,26723.90268791293,ok
NVIDIA GeForce GTX 1080 Ti,float32,rbf,512.0,6.0,13.0,78.0,10.0,3.0,128.207,12.8207,-233252.65625,125227.6796875,ok
NVIDIA GeForce RTX 2080 Ti,float32,rbf,512.0,6.0,13.0,78.0,10.0,4.0,98.899,9.8899,-234069.84375,138944.15625,ok
NVIDIA GeForce GTX 1080 Ti,float64,rbf,256.0,6.0,13.0,78.0,10.0,0.0,556.134,55.6134,-110809.96619015648,46593.34208422434,ok
NVIDIA GeForce GTX 1080 Ti,float64,rbf,128.0,6.0,13.0,78.0,10.0,5.0,103.416,10.3416,-51106.70588444928,26723.90268791293,ok
NVIDIA GeForce RTX 2080 Ti,float32,rbf,512.0,6.0,13.0,78.0,10.0,5.0,98.963,9.8963,-234069.84375,138944.15625,ok
NVIDIA GeForce RTX 2080 Ti,float32,rbf,1024.0,6.0,13.0,78.0,10.0,0.0,611.154,61.1154,-497085.96875,144452.484375,ok
NVIDIA GeForce GTX 1080 Ti,float32,rbf,512.0,6.0,13.0,78.0,10.0,4.0,127.798,12.7798,-233252.65625,125227.6796875,ok
NVIDIA GeForce GTX 1080 Ti,float64,rbf,128,6,13,78,10,6,103.144,10.3144,-51106.70588444928,26723.90268791293,ok
NVIDIA GeForce RTX 2080 Ti,float32,rbf,512,6,13,78,10,6,98.734,9.8734,-234069.84375,138944.15625,ok
NVIDIA GeForce GTX 1080 Ti,float32,rbf,512,6,13,78,10,5,128.125,12.8125,-233252.65625,125227.6796875,ok
NVIDIA GeForce RTX 2080 Ti,float32,rbf,512,6,13,78,10,7,98.827,9.8827,-234069.84375,138944.15625,ok
NVIDIA GeForce GTX 1080 Ti,float64,rbf,128,6,13,78,10,7,103.157,10.3157,-51106.70588444928,26723.90268791293,ok
NVIDIA GeForce GTX 1080 Ti,float32,rbf,512,6,13,78,10,6,127.849,12.7849,-233252.65625,125227.6796875,ok
NVIDIA GeForce RTX 2080 Ti,float32,rbf,512,6,13,78,10,8,98.73,9.873,-234069.84375,138944.15625,ok
NVIDIA GeForce GTX 1080 Ti,float64,rbf,128,6,13,78,10,8,103.658,10.3658,-51106.70588444928,26723.90268791293,ok
NVIDIA GeForce GTX 1080 Ti,float32,rbf,1024,6,13,78,10,0,1015.264,101.5264,-498130.59375,131029.625,ok
NVIDIA GeForce RTX 2080 Ti,float32,rbf,512,6,13,78,10,9,98.228,9.8228,-234069.84375,138944.15625,ok
NVIDIA GeForce GTX 1080 Ti,float64,rbf,128,6,13,78,10,9,103.638,10.3638,-51106.70588444928,26723.90268791293,ok
NVIDIA GeForce GTX 1080 Ti,float32,rbf,512,6,13,78,10,7,127.474,12.7474,-233252.65625,125227.6796875,ok
NVIDIA GeForce GTX 1080 Ti,float64,rbf,256,6,13,78,10,1,539.18,53.918,-110809.96619015647,46593.34208422434,ok
NVIDIA GeForce RTX 2080 Ti,float32,rbf,512,6,13,78,10,10,98.274,9.8274,-234069.84375,138944.15625,ok
NVIDIA GeForce GTX 1080 Ti,float64,rbf,128,6,13,78,10,10,103.14,10.314,-51106.70588444928,26723.90268791293,ok
NVIDIA GeForce GTX 1080 Ti,float32,rbf,512,6,13,78,10,8,127.301,12.7301,-233252.65625,125227.6796875,ok
NVIDIA GeForce RTX 2080 Ti,float32,rbf,512,6,13,78,10,11,98.663,9.8663,-234069.84375,138944.15625,ok
NVIDIA A100-SXM4-80GB,float64,rbf,2048,6,13,78,10,0,6093.784,609.3784,-1061351.7906730175,326449.61671988136,ok
